Mean R,Mean G,Mean B,Std R,Std G,Std B,Edge Intensity
56.83546440972222,40.134373914930556,32.151590711805554,56.06496209301879,43.71409834327397,33.68732052416114,2.455094401041667
55.944721137152776,39.56991427951389,31.708853081597223,55.516329366982475,43.19366211663658,33.25670675255476,2.571305338541667
55.384899088541665,39.201687282986114,31.488670789930556,55.05946998357516,42.657772413646526,32.75102299273606,2.42548828125
54.87787000868055,38.80410698784722,31.20761935763889,54.62233149463925,42.13425667264104,32.225221520093235,2.508772786458333
54.27190972222222,38.40078884548611,30.868245442708332,54.02471268548057,41.5618644588379,31.733835197247096,2.561897786458333
54.23519856770833,38.25304470486111,30.991561414930555,53.91762107929588,41.43382654111586,31.704269467045815,2.490234375
53.30534396701389,37.66130099826389,30.34283203125,53.103097810170546,40.87243708249244,31.201859044984978,2.5311848958333334
52.65832465277778,37.131626519097225,29.996705729166667,52.38617089628071,40.230691616633344,30.814513224376025,2.496044921875
52.568866102430555,37.10949110243055,29.986244574652776,52.18900358872278,40.19596388665357,30.844547486032198,2.479996744791667
52.542498914930555,37.148486328125,30.005666232638887,52.10258222907425,40.324026713736124,31.02131216078326,2.710205078125
52.81791775173611,37.34740342881945,30.22053927951389,52.229381609516736,40.57870888122904,31.336161922940057,2.5273111979166667
52.80724500868055,37.343860677083335,30.251612413194444,52.204417120723114,40.63182154084493,31.45212343173285,2.5602376302083334
52.36708333333333,37.00080186631944,29.967081163194443,51.776649910241446,40.24833052758565,31.158363583598188,2.620833333333333
52.04830946180556,36.748661024305555,29.86078559027778,51.42024768444773,39.882386242028936,30.91793623834509,2.5071126302083333
52.07581163194445,36.77356119791666,29.873497178819445,51.423632522161974,39.865362920628435,30.90906547305761,2.560791015625
52.20590169270833,36.86859049479167,29.904825303819443,51.40359562651099,39.86334300942399,30.920336585599006,2.7126953125
52.702198350694445,37.249765625,30.26665473090278,51.7072583231283,40.12134518387883,31.189940877766684,2.38232421875
53.35907118055555,37.739047309027775,30.673317057291666,52.190734494935995,40.53530403090457,31.55762875366653,2.675895182291667
53.76553927951389,38.06300998263889,30.86578884548611,52.497827387163845,40.8211542610882,31.76673444464413,2.7063313802083333
54.136728515625,38.38362738715278,31.155938585069446,52.77699245986145,41.01353013377725,31.886056269523284,2.537548828125
54.453471137152775,38.64189236111111,31.35842990451389,53.12849027361651,41.281847857053414,32.03773676198484,2.596484375
54.448499348958336,38.72520616319444,31.367268880208332,53.223222144820156,41.40743083282233,32.08896321116555,2.728743489583333
54.66493055555556,38.922360026041666,31.546702473958334,53.46430468619451,41.58240531622114,32.17831105157359,2.6529296875
54.800350477430555,39.03611870659722,31.59973090277778,53.632814339528565,41.678625116232055,32.19278650502182,2.711311848958333
54.68906901041667,38.985669487847225,31.497024739583335,53.576112981650525,41.633874983517195,32.082915984928114,2.691666666666667
54.743205295138885,39.01801866319445,31.565960286458335,53.661432000271844,41.63570465226179,32.064345137600846,2.50517578125
54.86134765625,39.088115234375,31.629256727430555,53.83005856179791,41.7280557326367,32.09162420859697,2.579329427083333
54.96451714409722,39.140360243055554,31.61611111111111,53.80752871251834,41.698892558127916,32.016125480449375,2.661507161458333
55.48678819444444,39.39865125868056,32.02217664930556,54.0760469453521,41.82951574290764,32.22332722812341,2.58486328125
55.33900499131944,39.37312934027778,31.774503038194446,53.93260578196094,41.76829849658663,32.01969062555749,2.6617838541666665
55.554102647569444,39.59275065104167,32.00614149305556,54.06550339248465,41.895661177858244,32.139769512626074,2.4941080729166667
55.78212673611111,39.75169162326389,32.12376519097222,54.28885859886734,42.10136435430906,32.2710532845206,2.572135416666667
55.823314887152776,39.76903537326389,32.072942708333336,54.34296369110677,42.15228479520771,32.260210695499794,2.6548665364583335
56.17796983506945,39.86031467013889,32.333743489583334,54.55659711108007,42.218384422280444,32.35778110578815,2.565771484375
56.04674262152778,39.828929036458334,32.06647352430556,54.46913919856976,42.19254157264099,32.204183137775615,2.69609375
56.23967556423611,39.932454427083336,32.178142361111114,54.60053216123334,42.292667415471385,32.278337526300945,2.4440266927083334
56.39341688368056,40.01096896701389,32.23763888888889,54.766801695856714,42.43117151958754,32.37059046659935,2.488020833333333
56.433515625,40.043453776041666,32.176487630208335,54.86731917165745,42.552774637635,32.438941125958934,2.60146484375
56.621502821180556,40.13534505208333,32.28798177083333,55.034023374750845,42.667839668335894,32.5408858489536,2.4418131510416665
56.66168185763889,40.177240668402774,32.33455837673611,55.103395950133496,42.7244501298413,32.58933809743357,2.533675130208333
56.53605577256945,40.094440104166665,32.198856336805555,55.05935126189076,42.707262541293495,32.5362995467054,2.553597005208333
56.63157986111111,40.14552951388889,32.317332899305555,55.16483331563221,42.775837145055355,32.63292782163205,2.535888671875
56.630061848958334,40.11842013888889,32.315570746527776,55.20984390737732,42.804049653861526,32.66142902442506,2.5239908854166666
56.49476779513889,40.02949327256945,32.17917100694444,55.16754763867882,42.79636477879936,32.60597133859749,2.5967610677083335
56.547855902777776,40.04416666666667,32.23749782986111,55.22495822151075,42.84842567384403,32.66819490060546,2.277457682291667
56.62948784722222,40.11485243055556,32.30384114583333,55.37934797871125,42.965178956374295,32.78705942337666,2.490234375
56.55583875868056,40.079046223958336,32.19230577256945,55.39486456781357,43.012852626481866,32.7727233250686,2.500748697916667
56.754008246527775,40.21706922743056,32.345295138888886,55.565561956862354,43.169027571842065,32.91731982470018,2.52841796875
56.87674587673611,40.291162109375,32.39778754340278,55.692613834467984,43.28657566039098,33.008976014003956,2.5228841145833334
56.85307183159722,40.30640407986111,32.30546875,55.73773197029206,43.369814558955994,33.01282767106097,2.6689778645833333
57.04055121527778,40.44383138020833,32.46608723958333,55.8681981720272,43.528006809044605,33.163370401417886,2.5356119791666667
57.10970377604167,40.48048502604167,32.49949652777778,55.932362772302845,43.61382974212119,33.23492697208104,2.431298828125
57.112284071180554,40.49557291666667,32.43779730902778,55.96593457644216,43.69076858421068,33.26795486549021,2.580712890625
57.29161783854167,40.64173394097222,32.592290581597226,56.08818299940648,43.81279836265559,33.391481414604876,2.56826171875
57.39965060763889,40.72881184895834,32.664482421875,56.19205450444076,43.90820858324498,33.45978512649192,2.4791666666666665
57.34,40.69016276041667,32.564775390625,56.19847027285045,43.9422855926829,33.438293946758215,2.586800130208333
57.434893663194444,40.758128255208334,32.659405381944445,56.234694286306535,43.98475952841397,33.490427997233645,2.403076171875
57.490908203125,40.805079210069444,32.68637044270833,56.309156237542126,44.046091650667435,33.54213145389898,2.503792317708333
57.46176106770833,40.80187934027778,32.636240234375,56.32209107576521,44.07957287854707,33.54209012109553,2.6390950520833334
57.578232421875,40.88474934895833,32.76332248263889,56.38137358782336,44.12601855989213,33.61376905821631,2.538102213541667
57.578754340277776,40.87519965277778,32.77359375,56.38975605291586,44.130225064953926,33.62843785635859,2.5477864583333334
57.42989366319444,40.79264214409722,32.63456814236111,56.33955804969316,44.115502778446874,33.56779567702688,2.6341145833333335
57.45703233506944,40.814404296875,32.6888671875,56.36553975367037,44.1381851190186,33.60654952815057,2.4324055989583333
57.44650282118056,40.785182291666665,32.69316623263889,56.403515231180826,44.12978242271818,33.62003978026438,2.558577473958333
57.34200846354167,40.740901692708334,32.58725802951389,56.393749361581904,44.15746445265684,33.596261937294976,2.658463541666667
57.39563585069445,40.749267578125,32.68477105034722,56.43500882776142,44.144194029322485,33.667580243938346,2.716845703125
57.393709852430554,40.72323025173611,32.72809136284722,56.451031912944075,44.136685985277694,33.70732173531948,2.709375
57.22722873263889,40.65177191840278,32.55047309027778,56.36675655666413,44.12319769291497,33.602713148397584,2.6526529947916666
57.29134223090278,40.66385525173611,32.65151041666667,56.39120262610234,44.104584861502765,33.655102217430034,2.600358072916667
57.281535373263885,40.623896484375,32.67038194444444,56.36863978710991,44.10031475667996,33.6799086664104,2.5594075520833335
57.125492621527776,40.560166015625,32.51435655381945,56.28993320420559,44.07478987720123,33.59499610182256,2.654036458333333
57.17854926215278,40.566127387152775,32.60857530381944,56.29432336018895,44.05399080576362,33.63094468096712,2.660400390625
57.135470920138886,40.50374565972222,32.624776475694446,56.25764799894631,44.00815907751807,33.63366407016121,2.62138671875
56.96382269965278,40.42263129340278,32.459981553819446,56.1838378721671,43.97571219680896,33.538812962078765,2.617789713541667
51.537197265625,36.86727756076389,29.78143337673611,50.894575097583605,40.20268112263546,30.844176529984722,1.98720703125
43.66583224826389,31.464337022569445,25.679360894097222,42.228150190453746,33.41740738268094,25.695574938523396,1.362158203125
36.467891710069445,26.427173394097224,21.675302734375,34.445105593639944,27.154772769002488,20.96152560875636,1.068310546875
30.0516015625,21.606910807291666,18.493383246527777,27.444691264307476,21.49308881843511,17.080542761501697,0.6684895833333333
22.56765625,16.695005425347222,14.231277126736112,20.018505639342006,15.859675462783652,12.82878324354592,0.47508138020833335
16.977293836805554,12.0775,10.741387803819444,14.560870082368114,11.363252129514567,9.469554773308957,0.08854166666666667
10.401707899305556,7.307174479166667,6.0554383680555555,9.108391594067152,7.311729494227214,5.999423759108664,0.0
3.316398654513889,1.9024077690972223,1.4864116753472223,4.196614945927466,3.2218019944692657,2.626835468053844,0.0
0.004602864583333333,0.0013031684027777779,0.00134765625,0.06834218254860902,0.03607589437373762,0.03668569302423963,0.0
0.0014865451388888888,0.0003841145833333333,0.0003841145833333333,0.03852707259174355,0.019595076915395988,0.019595076915395988,0.0
0.0,0.0,0.0,0.0,0.0,0.0,0.0
0.0,0.0,0.0,0.0,0.0,0.0,0.0
0.0,0.0,0.0,0.0,0.0,0.0,0.0
0.0,0.0,0.0,0.0,0.0,0.0,0.0
0.0,0.0,0.0,0.0,0.0,0.0,0.0
0.0,0.0,0.0,0.0,0.0,0.0,0.0
0.0,0.0,0.0,0.0,0.0,0.0,0.0
0.0,0.0,0.0,0.0,0.0,0.0,0.0
0.0,0.0,0.0,0.0,0.0,0.0,0.0
0.0,0.0,0.0,0.0,0.0,0.0,0.0
0.0,0.0,0.0,0.0,0.0,0.0,0.0
0.0,0.0,0.0,0.0,0.0,0.0,0.0
0.1111111111111111,0.0001388888888888889,0.009444444444444445,0.3466328331088828,0.011784294580780518,0.09672252536769532,0.0
5.295628255208333,4.074046223958334,2.8763161892361113,4.5144553207017335,3.6533009847832907,2.8345016459070758,0.0
8.289267578125,6.896881510416667,5.525426432291667,5.988624691921219,5.198095379111693,4.440890745633459,0.0
11.550290798611112,9.186643880208333,7.634473741319445,7.839004562859571,6.597065730917817,5.4503271570408325,0.0
14.20961154513889,11.063565538194444,9.033534071180556,9.65682642004357,7.721764354890569,6.509941035121936,0.0
17.165029296875,13.03813693576389,11.496128472222223,11.562761893074807,8.91513303357977,8.024510127685842,0.0
19.226023220486113,15.492578125,12.587224392361112,13.08043665207115,10.713339217523576,8.770242976707767,0.0
21.608352864583335,17.708001302083332,14.657819010416667,14.733400503141844,12.242255709990921,10.124831630898624,0.0
24.96453884548611,19.689334852430555,16.19068901909722,17.321309998117915,13.634788420303883,11.125541863263612,0.0
27.740608723958335,22.067264539930555,18.293147786458334,19.11664430926124,15.468350065157587,12.863876951289217,0.0
30.60725368923611,24.047603081597224,19.77810763888889,21.295233528597723,16.909548565502984,13.847215670901896,0.0
33.92504123263889,26.836661241319444,21.464297960069445,23.922166626297518,19.098213219642176,14.99782881046917,0.2623046875
36.929402126736115,29.49338216145833,23.743215060763887,26.039861139324156,21.142910041069523,16.88080828781452,0.37547200520833335
40.359050564236114,31.75949978298611,25.46652560763889,28.765000970481896,22.840735221682536,18.053554749712312,0.37796223958333336
43.777514105902775,34.45257378472222,27.39284396701389,31.38132980055833,24.89591817230574,19.423802666672053,0.39401041666666664
46.916333550347225,37.16871636284722,29.5683984375,33.61769643497484,27.03446712265745,21.1648521418314,0.40673828125
50.608081597222224,39.6900390625,31.48598415798611,36.576995883107266,28.997352843977378,22.57975662017801,0.45432942708333335
54.29725368923611,42.38083767361111,33.51758680555555,39.46468993926931,31.07485882014078,24.10829347766793,0.4800618489583333
58.301227213541665,45.56257486979167,35.65727864583334,42.72544028601144,33.77549849160185,25.814097819650733,0.4908528645833333
62.46455403645833,48.473117404513886,37.83384006076389,45.95538982332905,36.08758379843431,27.557652446600315,0.500537109375
66.37186306423611,51.40267035590278,40.01948459201389,49.11171090249642,38.484112258160536,29.349859940934383,0.5605794270833333
70.40622829861111,54.33795681423611,42.20958116319444,52.432308069596836,40.904335758399725,31.12812204398619,0.6137044270833333
74.20347113715277,57.66911892361111,44.60445529513889,55.15475887495628,43.542312708707406,32.94450932997616,0.6352864583333333
78.28102213541666,60.897822265625,46.90119249131944,58.39686586814697,46.19805652489169,34.81481626738146,0.8198404947916667
79.91587131076389,62.21129557291667,47.890621744791666,59.80383385789302,47.561334651616306,35.72888416044978,0.8729654947916666
79.85637478298611,62.231878255208336,47.761241319444444,59.85790723228566,47.60899383856228,35.75526724531322,0.8569173177083333
79.873115234375,62.23693684895834,47.75308268229167,59.86838675007526,47.61507999948139,35.75662906480558,0.857470703125
79.78155490451388,62.13433919270833,47.690478515625,59.827505844281,47.58075683596315,35.72425425484118,0.8729654947916666
79.59674587673611,61.96184461805556,47.608120659722225,59.79497873031148,47.563035845205135,35.72598307039946,0.9330078125
79.44453125,61.838642578125,47.498074001736114,59.797477890154845,47.569555935888395,35.72636086798842,0.9075520833333334
79.37693250868055,61.765056423611114,47.48837890625,59.82906548331591,47.5970302714105,35.75482038104071,0.9449055989583334
79.34867404513889,61.75649197048611,47.451725260416666,59.82269563444363,47.597837695348495,35.745208198250964,0.9462890625
79.14907335069445,61.57209852430555,47.31999782986111,59.769014758752796,47.54077128309364,35.69969817681939,0.933837890625
78.86659288194444,61.34778862847222,47.19560872395834,59.73123777296353,47.50230497531443,35.682233357438314,0.9277506510416667
78.64454969618056,61.14798068576389,47.02422092013889,59.72300094562219,47.493011245125956,35.66731586700156,0.9202799479166667
78.45510850694444,60.98583116319445,46.90708767361111,59.73748692890372,47.50355890562732,35.66926045769838,0.9808756510416666
78.46799913194444,60.94280924479167,46.976323784722226,59.74950471799813,47.489810432126475,35.70239216942185,0.9667643229166667
78.15682291666667,60.7475390625,46.7305078125,59.66142295656752,47.441204844670565,35.618744849278514,0.9714680989583333
77.90184895833333,60.51419704861111,46.58106662326389,59.612756208137036,47.38413889902707,35.57225269990207,0.9236002604166667
77.48960394965277,60.20698350694445,46.39181532118056,59.55772035099683,47.3165677909409,35.525781144605055,0.9291341145833333
77.20787977430555,59.96913302951389,46.2057421875,59.53521685875794,47.28924932927722,35.50179427455718,0.9299641927083333
77.22739691840277,59.94970703125,46.272649739583336,59.554094221098936,47.29209387335606,35.524241378136736,0.9291341145833333
77.01833550347222,59.80521592881944,46.10402126736111,59.54026811032173,47.29677781574994,35.50162310294346,0.9374348958333333
76.66939670138889,59.51795681423611,45.90397026909722,59.42029239677351,47.184159245755744,35.40520773992247,0.9432454427083333
76.28891818576389,59.251302083333336,45.76073350694445,59.35534334346568,47.10650064273418,35.371063008317414,0.9841959635416667
75.943203125,58.96487630208333,45.529536675347224,59.296254096005235,47.051658213290445,35.32426567731769,0.9825358072916667
75.91072916666667,58.93355034722222,45.50470703125,59.279661483011445,47.03066634726189,35.30387314081583,0.9897298177083333
75.67416666666666,58.735651041666664,45.40119900173611,59.253277223398996,46.999229135460254,35.28807269799431,0.9698079427083334
75.51024088541666,58.58515842013889,45.28265190972222,59.2406792378939,46.984885006170174,35.27537637239396,0.9750651041666667
75.31449327256945,58.400319010416666,45.172404513888885,59.1747105850725,46.911880939102936,35.21691810076339,1.0619466145833334
74.97431098090277,58.15004123263889,45.003203125,59.10584049516257,46.832360636990636,35.16346207721331,1.0489420572916666
74.68786458333334,57.91471028645833,44.8080078125,59.06498273235261,46.789596794923646,35.11889164604811,1.1242024739583334
74.76625868055555,57.93540798611111,44.923023003472224,59.10080524458189,46.81030316475797,35.167061780380344,1.0857421875
74.55363172743056,57.80845703125,44.74724609375,59.06327357621668,46.79945479229288,35.12893012576503,1.1416341145833333
74.32266493055556,57.61862413194444,44.61906467013889,58.98244121900127,46.71874739329809,35.068769385166824,1.07412109375
73.95181640625,57.324368489583335,44.469560546875,58.89273952035648,46.628947180828064,35.028406969198436,1.1881184895833334
73.67447265625,57.11840711805556,44.27689561631944,58.82750847080618,46.57544545215153,34.9693919803294,1.1933756510416667
73.68109809027777,57.11908637152778,44.274204644097225,58.832616433766006,46.57418431250025,34.97082960325248,1.1914388020833333
73.51111979166667,56.97506944444444,44.1935546875,58.74981161375926,46.522651726680095,34.92908241432779,1.1200520833333334
73.2197439236111,56.74523220486111,44.114814453125,58.67105669052132,46.4589722263031,34.93439710140207,1.1933756510416667
72.913935546875,56.517833116319444,43.90888780381945,58.60988589522051,46.40719659671144,34.88924064584579,1.1953125
72.78742621527778,56.39891167534722,43.89227322048611,58.60314303512334,46.393645294133016,34.910206706831936,1.2155110677083334
72.7476486545139,56.38555772569445,43.84843532986111,58.57523057690702,46.38187310752545,34.88042450759597,1.2174479166666667
72.53778537326389,56.20529730902778,43.72155164930555,58.50292985688761,46.332325019810426,34.836164706628665,1.1919921875
72.25365885416667,55.9275,43.634112413194444,58.4200317184795,46.26025894860875,34.821446990944324,1.2257486979166667
71.938515625,55.729443359375,43.404286024305556,58.34410826851161,46.197859557555496,34.76332470639053,1.24013671875
71.82302083333333,55.62461697048611,43.383486328125,58.34578553819234,46.20105541902872,34.79113979262838,1.260888671875
71.79679144965277,55.62299479166666,43.35205078125,58.33721074093466,46.207014139661624,34.77928708029239,1.2589518229166667
71.56294596354167,55.46953667534722,43.23721354166667,58.26079936536204,46.19404841866682,34.761224258390435,1.2290690104166666
71.27054470486111,55.28084418402778,43.165004340277775,58.15718456317129,46.12284277543772,34.745508273524486,1.2298990885416667
71.00195855034723,55.082798394097225,42.98190212673611,58.08410030098801,46.0670666515255,34.696515331636235,1.24345703125
70.87934353298611,54.96580512152778,42.915049913194444,58.01313717237692,46.017757442017654,34.67337408275863,1.201953125
70.85526150173611,54.960850694444446,42.88983289930555,57.99358602604945,46.01410986589449,34.65529959892089,1.2033365885416667
70.59230577256945,54.741520182291666,42.73833767361111,57.828083444574006,45.88554917711436,34.55201158559499,1.12392578125
70.2998046875,54.52521050347222,42.64985134548611,57.69265214485283,45.779593071309044,34.52088015291126,1.1881184895833334
70.04187934027777,54.31420030381945,42.486982421875,57.57342839109821,45.6854282209369,34.453081992121795,1.2199381510416667
69.93662977430556,54.213765190972225,42.43704969618056,57.50222686880718,45.62657206873176,34.42320527732385,1.22353515625
69.91529839409722,54.21017578125,42.41037543402778,57.49779401264819,45.63603706617356,34.41675515130044,1.20029296875
69.93233072916667,54.101101345486114,42.58628255208333,57.42845894691929,45.55903008526458,34.46578216083583,1.212744140625
69.54453993055556,53.926419270833335,42.258828125,57.22418343538022,45.45409178502286,34.33497196258017,1.25341796875
69.58178602430556,53.85698567708334,42.44437391493056,57.13680472939028,45.40088939468745,34.36934392126915,1.1499348958333333
69.18462890625,53.70644205729167,42.089610460069444,56.94657563758596,45.32214208894258,34.24469489095394,1.2794270833333334
69.19007921006944,53.711932508680555,42.091005859375,56.94975624950796,45.335245200979585,34.25712276786656,1.2838541666666667
69.03158854166666,53.58292534722222,42.012111545138886,56.801651635058406,45.22390554233061,34.17423212119021,1.2528645833333334
68.88788736979167,53.48163736979166,41.97769205729167,56.67108704010467,45.14908782658341,34.155304233122095,1.2047200520833334
68.78011067708333,53.39141384548611,41.89432725694444,56.57035384598521,45.07602718078836,34.10659984102559,1.2373697916666666
68.82987521701389,53.39621636284722,41.94636610243055,56.50750996424217,45.03326619807603,34.10543709971978,1.2431803385416667
68.79710611979166,53.39245551215278,41.91144422743056,56.492378212478556,45.03508102754058,34.090619632028435,1.24345703125
68.872060546875,53.32972764756944,42.115199652777775,56.475640449460705,44.99552360478526,34.177455287913446,1.1399739583333333
68.52854058159723,53.19358181423611,41.789325086805555,56.3372701228369,44.955815487927424,34.08257782654757,1.2636555989583333
68.52631727430555,53.096843532986114,41.984989149305555,56.35275061472605,44.95311612471689,34.17577721420895,1.2063802083333333
68.125576171875,52.96759548611111,41.653340928819446,56.239382619951876,44.95036445970276,34.09234281408018,1.2578450520833333
68.16623046875,53.00866861979166,41.685504557291665,56.27016131578849,44.985208262284914,34.122225860704,1.242626953125
68.06781141493056,52.97961480034722,41.71713107638889,56.36672914419546,45.09383181273528,34.20680303138823,1.1709635416666666
68.00937174479166,52.94631184895833,41.671283637152776,56.45766912355731,45.17256054642132,34.26741934656583,1.297412109375
68.13488064236111,52.92314236111111,41.956133897569444,56.69182508216181,45.31902017283343,34.469780186641096,1.2813639322916666
67.79440104166666,52.85231011284722,41.64495334201389,56.741065007789736,45.41785805460441,34.463444234758086,1.3502604166666667
67.822001953125,52.879054904513886,41.66832139756944,56.77536631040113,45.4554724800812,34.4976381654787,1.3483235677083334
67.78447591145833,52.89106987847222,41.73831922743056,56.9965204007081,45.64369050324768,34.663971668195096,1.35634765625
67.6849685329861,52.826587456597224,41.68004448784722,57.14206950944434,45.76321121120989,34.75733906255867,1.4288411458333334
67.692783203125,52.860196397569446,41.76592122395834,57.3042640732718,45.91168433580155,34.893786070021825,1.420263671875
67.69908637152778,52.95633029513889,41.83346462673611,57.52535527570782,46.128906443004624,35.03959877524592,1.5525227864583333
67.61561089409722,52.92674913194445,41.78965169270833,57.6576493922764,46.24730032688037,35.13950810474785,1.6192057291666666
67.62615125868055,52.936544053819446,41.79638888888889,57.663896620605634,46.25223732430126,35.147718112645165,1.6192057291666666
67.56538519965278,52.91001302083333,41.80262478298611,57.779843310109314,46.33412941466382,35.22825041093736,1.5669108072916667
67.56032118055556,52.90833116319445,41.78231011284722,57.88776499549495,46.4165397266881,35.30546149436952,1.735693359375
67.71578559027778,52.95148328993056,42.05782552083333,58.10057027628699,46.54573840364584,35.48755360533907,1.8032063802083333
67.44607204861111,52.87260416666667,41.765972222222224,58.08060218002924,46.56179793834359,35.41771859482221,1.926611328125
67.44242078993055,52.87052083333333,41.76731662326389,58.08108651957194,46.56174786751302,35.41510009003795,1.9246744791666666
67.40802300347222,52.85321940104166,41.856540798611114,58.15523249999827,46.62543948936058,35.48579125882052,1.8621419270833333
67.34784071180556,52.83086697048611,41.812405598958335,58.23951136766235,46.69519953769601,35.54937331524503,2.0422688802083333
67.44550021701389,52.830531684027775,42.06428602430555,58.41395400427987,46.795620799141496,35.73666149694782,1.9351888020833334
67.08282552083334,52.68926540798611,41.757607421875,58.345065986642155,46.80314586540284,35.6519921373346,2.151839192708333
67.07910915798611,52.69072482638889,41.76257052951389,58.35230938922889,46.81107594915928,35.66108552321668,2.1637369791666665
67.11379774305556,52.74402777777778,41.86370334201389,58.45673433221413,46.90432526140275,35.75005804202896,2.094840494791667
67.02148546006944,52.700121527777775,41.78878580729167,58.49024965823756,46.92808282761349,35.77100073216972,2.2273763020833335
67.13200629340278,52.799763454861115,41.949359809027776,58.60883286881641,47.008661181360296,35.86296014545517,2.2074544270833334
67.02519205729166,52.73539496527778,41.88058376736111,58.62716140116504,47.031607365329016,35.88540762219554,2.2398274739583335
67.02233289930555,52.73465603298611,41.88050238715278,58.629354222888026,47.03472529510109,35.889413765867126,2.235123697916667
67.27833550347222,52.88659396701389,42.19846462673611,58.82839678319532,47.179470646654885,36.10822206898537,2.3322428385416667
67.02400390625,52.785381944444445,41.94770616319445,58.738901406153104,47.146682864608344,36.005523329654174,2.304573567708333
67.15657335069444,52.89939453125,42.09951605902778,58.820342998257715,47.231821165646764,36.08575721670209,2.291015625
67.03850911458333,52.82279405381944,42.02195529513889,58.8191976067269,47.217298572370694,36.0947801944452,2.3601888020833335
67.028818359375,52.814066840277775,42.01448025173611,58.81230256653851,47.21143374401366,36.09108792133307,2.3629557291666665
67.30292534722223,52.969967447916666,42.345088975694445,58.98836308727461,47.328755312038304,36.28356614622977,2.331412760416667
67.03795030381944,52.860393880208335,42.07900933159722,58.905569382452676,47.314598390578965,36.184401942563795,2.3269856770833335
67.096630859375,52.90015516493055,42.146954210069445,58.91998362189866,47.34008417199785,36.216028031238885,2.3867513020833333
66.93687174479167,52.78969509548611,42.055506727430554,58.88920155819414,47.313597594061825,36.2051742956826,2.437109375
66.94768663194445,52.80195638020833,42.06615451388889,58.89931127964173,47.32513507648259,36.21509632329329,2.4398763020833334
66.87047960069444,52.746487630208335,42.048694661458335,58.85784383505443,47.296547232570575,36.19405845334401,2.29931640625
66.80352756076388,52.68396158854166,42.04273980034722,58.8547165713856,47.305528293162325,36.24703387541554,2.3673828125
66.60985785590277,52.55228190104167,41.89847764756944,58.813199896371835,47.27997511603843,36.2131333464414,2.408056640625
66.45565538194444,52.44034396701389,41.85438585069444,58.7892131039832,47.27386318427922,36.23487341352365,2.4443033854166667
66.45998372395833,52.460149739583336,41.855322265625,58.799219928128984,47.29833275421487,36.239263472184156,2.443473307291667
66.46721571180555,52.346050347222224,42.01961371527778,58.81485087514464,47.26497915781271,36.3287785853485,2.40888671875
65.95015950520833,52.04575520833333,41.57433268229167,58.646336343940334,47.191060279926475,36.18153852861486,2.5190104166666667
65.82214735243056,51.828984375,41.63403537326389,58.606852455214096,47.11349018752784,36.23847648207077,2.491064453125
65.24546983506944,51.487674696180555,41.171847873263886,58.394142631301264,47.00516450830924,36.067314371942786,2.585693359375
65.31172960069445,51.50141818576389,41.27748046875,58.456007478695675,47.03071103139233,36.145193513558716,2.58154296875
64.97952799479167,51.24430881076389,41.04170247395833,58.2944631353702,46.927191796688255,36.05544068215504,2.6277506510416666
64.6758203125,50.99453016493055,40.87446506076389,58.119215183635184,46.80982500777596,35.971776279210715,2.501025390625
64.36600043402778,50.75599717881944,40.710200737847224,58.03749629678783,46.77416779303991,35.9888221956195,2.592333984375
63.902202690972224,50.418790147569446,40.388508029513886,57.8937153972726,46.6831718627988,35.897210750577464,2.590950520833333
63.9016015625,50.423861762152775,40.39572916666667,57.900685190613444,46.69168046430287,35.90335621364985,2.5934407552083334
63.72930772569445,50.286029730902776,40.37619900173611,57.802049941252605,46.62623029695883,35.870635576501755,2.496598307291667
63.53873480902778,50.12576063368056,40.21951822916667,57.75103312015152,46.59963963469179,35.84696394255351,2.530631510416667
63.509424913194444,50.10091362847222,40.25828884548611,57.72467089881441,46.58502918849025,35.85163946428383,2.512923177083333
63.279864366319444,49.929044053819446,40.11266818576389,57.65036067427747,46.53987995683067,35.8158329374288,2.5331217447916665
63.274493272569444,49.92438585069444,40.108828125,57.647603853636944,46.53501324176581,35.81036429206471,2.5333984375
63.331004774305555,49.880787760416666,40.29473415798611,57.65154331598413,46.471864745347744,35.87297563794504,2.449560546875
62.88913845486111,49.63115559895834,39.923345269097226,57.504183830952925,46.38723587290981,35.7326745078636,2.4971516927083335
62.944530164930555,49.59342881944445,40.10771267361111,57.50262544341528,46.347982609507234,35.81449767754074,2.5267578125
62.510768229166665,49.35367404513889,39.75011610243055,57.363616857745626,46.27686392948796,35.65416463503112,2.5112630208333333
62.32871744791667,49.63944986979167,39.282131076388886,57.3788208523541,46.47446936147615,35.46359483662031,2.986344401041667
62.33720594618055,49.647419704861115,39.29099934895833,57.379983914918476,46.47596553567986,35.465235161953984,2.9868977864583335
62.27503472222222,49.57403862847222,39.32177517361111,57.28154047264294,46.37974062849488,35.435533335869515,2.940413411458333
62.151133897569444,49.476533203125,39.21352322048611,57.21190226117393,46.31763399454739,35.368209179340404,3.008203125
62.17677408854167,49.47907335069444,39.28952907986111,57.15487715409161,46.264993539285776,35.357333862995254,3.0093098958333333
61.968395182291665,49.32103515625,39.137783203125,57.036437192470686,46.14215897969682,35.246495484705,3.016227213541667
61.982978515625,49.33203342013889,39.147670355902775,57.02881322772728,46.1373976853829,35.24276807986118,3.01650390625
62.13017035590278,49.35325737847222,39.36625434027778,57.04886361513926,46.10230514784723,35.29733524728454,2.92685546875
61.82074869791666,49.19282009548611,39.061076388888885,56.88348870247642,45.96996233825115,35.12962303586075,2.981087239583333
61.91513237847222,49.271190321180555,39.174647352430554,56.883708450259505,45.97737994786943,35.14479576731874,2.8900553385416665
61.79833116319445,49.19259874131944,39.056193576388885,56.82620004841333,45.913268586731725,35.08384225322472,2.9589518229166667
61.81712131076389,49.21085286458333,39.07049479166667,56.825225324126045,45.91404210986397,35.084598930744725,2.9595052083333333
62.013751085069444,49.27381727430556,39.33168185763889,56.86176101960348,45.892797602196396,35.15957268486982,2.8726236979166666
61.794598524305556,49.196079644097225,39.09317925347222,56.752781743092015,45.82938939051675,35.04491788957926,2.91689453125
62.01836154513889,49.261082899305556,39.36585828993056,56.785309366967596,45.78596323162665,35.10167045301202,2.7555826822916667
61.8309765625,49.22694444444444,39.11633029513889,56.65199416419754,45.71317058550738,34.958043059632644,2.7813151041666666
61.89275390625,49.28322808159722,39.17080512152778,56.67390326035472,45.732261165513684,34.97915588521715,2.783805338541667
62.073650173611114,49.36963107638889,39.315014105902776,56.679699662697644,45.6965653820453,35.00341419119762,2.7013509114583334
62.042125651041665,49.3757421875,39.26458767361111,56.63635340733671,45.67130064223399,34.95899054380042,2.7387044270833334
62.339122178819444,49.51954861111111,39.566066623263886,56.711059964565784,45.69471146225085,35.07926616560783,2.672021484375
62.180194227430555,49.493205295138885,39.35751193576389,56.63241804212942,45.658080728138806,34.973093062829136,2.7763346354166667
62.23575737847222,49.544742838541666,39.40432942708333,56.65616128924082,45.6787939035293,34.993506973428566,2.781591796875
62.43894097222222,49.67115451388889,39.554409722222225,56.709486752145786,45.69328908616932,35.04414771604112,2.719612630208333
62.37085177951389,49.632392578125,39.460758463541666,56.64939107838217,45.65176417683884,34.990873357874236,2.786848958333333
62.57654839409722,49.689182942708335,39.70836371527778,56.722810802701964,45.652464737628364,35.084528791462645,2.787125651041667
62.285861545138886,49.55267469618055,39.424419487847224,56.612971858341005,45.58443850677717,34.957031341185655,2.764990234375
62.329280598958334,49.591959635416664,39.45595377604167,56.630744338001016,45.59776197032238,34.96431728353048,2.720166015625
62.449407552083336,49.65766927083333,39.545079210069446,56.63956661909392,45.58670862004232,34.97958527243732,2.6828125
62.36363064236111,49.59236870659722,39.46990342881944,56.59080071394256,45.53260511089613,34.929830348774864,2.902783203125
62.38277452256944,49.583012152777776,39.52761176215278,56.5306192530272,45.45358065056349,34.90460703390936,2.7846354166666667
62.35629123263889,49.560439453125,39.45037543402778,56.49976814939242,45.42751074019113,34.8525721340068,2.8598958333333333
62.417149522569446,49.61293836805555,39.49125542534722,56.52130880021119,45.44510452053696,34.865902797416624,2.859619140625
62.62697265625,49.66958984375,39.738470052083336,56.58406084509279,45.43178050471995,34.937357639850525,2.8070475260416665
62.39009114583333,49.57079210069445,39.477496744791665,56.46219937102662,45.352422587551445,34.797325876215545,2.8673665364583334
62.44878146701389,49.60810221354166,39.58343315972222,56.44004491527494,45.315824567905466,34.797090281072364,2.7522623697916666
62.41046223958333,49.55553276909722,39.48187282986111,56.428734010641335,45.29628430981745,34.76282757417116,2.853255208333333
62.50388671875,49.639507378472224,39.550053168402776,56.455573042254,45.31773482134982,34.78048839716837,2.854638671875
62.79306857638889,49.73537977430556,39.886561414930554,56.50569349063292,45.32360024475168,34.86501698326917,2.725699869791667
62.56869574652778,49.68460286458333,39.597554253472225,56.40837743034861,45.27356513927115,34.74546110457974,2.849381510416667
62.64595160590278,49.73042426215278,39.67645290798611,56.37397312706656,45.22839507022247,34.72573333046537,2.8028971354166665
62.685862630208334,49.73644314236111,39.63291775173611,56.389660277658884,45.212454492528664,34.697345824436276,2.827522786458333
62.80959418402778,49.845712890625,39.720960286458336,56.43324642495543,45.252117223728945,34.72820641284656,2.818115234375
62.92341688368055,49.92515733506944,39.841962890625,56.435522585264785,45.23220319251319,34.739230373164574,2.696647135416667
63.06139105902778,50.00531792534722,39.90078776041667,56.45641967675175,45.22250666995026,34.710852540693665,2.7688639322916666
63.0053515625,49.96470052083333,39.840657552083336,56.42759521877112,45.18376909988921,34.66645856062354,2.7923828125
63.27794487847222,50.085942925347226,40.13362087673611,56.520882760783614,45.21500365872247,34.77262475194389,2.743408203125
66.35416124131945,52.58288736979166,41.67867513020833,59.81177594951704,48.428407886792776,37.304815275486085,2.699967447916667
13.48748806423611,24.659106987847224,27.534287109375,20.65367135216146,34.381581340679396,32.56868594202677,1.587109375
13.739911024305556,24.944487847222224,27.789932725694445,20.678277861923075,34.504587242892086,32.81902086984377,1.6164388020833333
14.92455295138889,26.056136067708334,28.5291015625,24.657619575920254,36.601237236755075,34.33681856036008,1.8828938802083333
16.447462022569443,27.39853732638889,29.4420703125,28.954352172325095,39.00526296122085,36.26497199275428,2.192236328125
17.74853515625,28.358715277777776,29.685360243055555,31.194929444883293,39.44592825726189,35.48301186711134,2.3078938802083333
18.109166666666667,28.409762369791668,29.59073025173611,32.16731080303287,39.33745519796912,35.0147365029858,2.32919921875
19.72955837673611,29.868682725694445,30.830157335069444,37.04235666789588,42.82166940673811,37.98063340029426,2.15654296875
20.63770290798611,30.667649739583332,31.49522026909722,39.22461214678862,44.319677920871456,39.37730357213913,2.351611328125
22.23255642361111,31.803125,32.342983940972225,42.252061396307035,46.09149343576604,40.64190194370837,2.6078287760416665
22.866739366319443,31.991078559027777,32.1899609375,43.29773320887996,46.055156920886986,40.06797647277864,2.778271484375
23.119720052083334,32.28870659722222,32.35211480034722,43.584808183052985,46.2357222386937,40.09939225586855,2.6714680989583335
23.349576822916667,32.32240234375,32.25858832465278,44.13202209480813,46.010304032221505,39.7745806128768,2.4575846354166666
23.617147352430557,32.38248372395833,32.25520399305555,44.84331134151528,45.80468942349642,39.53135061239653,2.387581380208333
23.431810980902778,31.98019097222222,32.02601671006944,44.43848665192216,45.18981696874328,39.0588320666728,2.2293131510416666
23.368859592013887,32.06616861979167,32.31685546875,43.98825559521674,45.43252465831564,39.920132337985045,2.2323567708333334
23.514547526041667,32.16687282986111,32.63033528645833,44.09645828665221,45.91640216838315,40.858452235197866,2.296826171875
21.803223741319446,30.921318359375,31.844749348958334,40.43046314415924,43.60142621508951,39.57501930076163,2.061083984375
19.222950303819445,29.52432400173611,31.234128689236112,35.53105402166491,42.067649263056786,38.55285606665207,2.114208984375
16.095842013888888,27.66585177951389,30.146611328125,29.594971604294336,39.18726009637909,36.541268902857176,1.9443196614583333
27.476335720486112,30.047998046875,30.567862413194444,45.28129219770116,49.6754932839106,45.68734730909805,1.936572265625
27.8758984375,30.376515842013887,30.84541015625,45.91359357919419,50.121356102891745,46.04424893290853,1.5818522135416666
28.563567708333334,30.801305338541667,31.089593098958332,46.49378047874239,50.40082553516275,46.163945319135934,1.1402506510416666
28.803731553819443,30.49165256076389,30.723922526041665,46.432511879601215,49.798387226934246,45.73655053548352,0.845849609375
27.68115993923611,28.56759223090278,28.722286241319445,44.502075190674475,46.975388168802525,43.18097588341253,0.8436360677083333
31.362899305555555,23.171209852430554,21.845591362847223,45.55513737773604,38.9390173585611,33.170391629262,1.0320638020833333
26.38699001736111,16.059303385416666,16.36699001736111,37.89222687078042,25.678233680188256,22.227364797636852,1.0652669270833333
11.562991536458334,12.90842990451389,15.245973307291667,18.755286729942775,22.262390903270223,21.678780506840663,1.531494140625
13.936234809027777,13.546201171875,15.477348090277777,23.53533120810237,24.55024186994314,23.461263025791148,1.287451171875
13.762110460069444,11.799354383680555,13.929968532986111,19.91576843608814,17.702797070085722,17.225957829903994,1.0456217447916667
13.644556206597223,10.614397786458333,13.173446180555555,18.69451813915061,12.477911436698287,12.833037696723633,1.1369303385416667
13.850595703125,10.700451388888888,13.186546223958333,18.89753057010018,12.639682375039683,12.937930824542716,1.1535319010416667
14.119178602430555,10.881921657986112,13.432726779513889,18.626913848217818,12.42503875664291,12.78730870085277,1.1814778645833333
13.997730034722222,11.112371961805556,13.577524956597221,18.22831269578161,12.415536185583273,12.773616347910608,1.18037109375
15.202518446180555,13.937964409722222,15.82166232638889,23.551204621151896,22.508687494042892,20.756559558140346,1.4686848958333334
17.237088758680557,17.241892361111113,18.986196831597223,31.578419989361393,32.651815412104355,30.49420641346095,2.0101725260416665
22.33140190972222,24.4940625,26.560341796875,44.49102504910854,48.030997156664235,45.03271330155084,2.782698567708333
24.025598958333333,26.749838324652778,28.454920789930554,47.02566672840282,50.65131687423211,47.500582977680885,2.808154296875
23.525951605902776,26.93523654513889,28.506524522569446,46.3889020757226,51.429863102098444,48.14915862746498,3.0217610677083333
20.55204861111111,23.666737196180556,26.11900607638889,39.53953593069639,43.6784926076876,41.31474091320816,2.850211588541667
18.438588324652777,21.94114800347222,24.288106553819443,36.093478478751905,41.74399080376262,39.43919647180157,3.180029296875
19.879442274305557,23.372481553819444,25.4677734375,39.59444407269111,44.13113360196741,41.80091187503074,2.7802083333333334
18.847143012152777,22.717119140625,24.82469509548611,37.574236062361216,44.240344392392004,41.90385718671037,3.29873046875
20.81009006076389,24.161573350694443,26.192407769097223,41.644477487448974,45.57848926333461,43.08868371560551,2.6382649739583335
21.489205729166667,24.966483289930554,26.85667426215278,43.463175772498985,47.95113678296728,45.283025510060845,2.512923177083333
20.79412760416667,24.706354166666667,26.901259765625,39.7843293767924,45.537263772801964,43.27123675449874,2.724869791666667
21.220977647569445,24.947569444444444,27.184496527777778,40.742581739931666,46.00995090427178,43.76078557117442,2.56328125
18.487060546875,21.742890625,24.252264539930554,35.33332276411164,40.28150619249013,38.39697675872473,1.9293782552083334
17.79912868923611,19.46050347222222,22.089925130208332,31.008848198002458,35.7630932268536,34.0987859805487,1.3566243489583334
13.674478081597222,12.971758897569444,15.357546657986111,14.59900378677082,12.209790067439956,12.598640662446817,0.39013671875
11.173861762152777,9.73968532986111,11.467009548611111,8.831960938764336,6.438226845831817,7.308814135082464,0.0
12.489653862847222,13.465503472222222,15.678434244791667,21.876151243169094,23.73514615196766,23.86889350217444,0.676513671875
20.827313368055556,24.977251519097223,26.482401258680557,30.52111140505804,34.13256882895918,30.625852605804567,2.9423502604166667
21.54747829861111,25.658516710069446,27.003855251736113,31.99120814510119,35.38085546178623,31.419726021525022,3.0560709635416665
22.369131944444444,26.219125434027777,27.410221354166666,33.51882429796736,36.4121540052445,32.137482809596904,3.2533528645833334
22.957922092013888,26.650869140625,27.64219184027778,34.95144665559135,37.44562769738121,32.781550096191644,3.425732421875
23.950856119791666,27.220888671875,28.019996744791666,36.80110927856348,38.541939138740815,33.52113421889375,3.5530110677083333
25.011904296875,27.92224175347222,28.404361979166666,38.63690528026156,39.66105204293727,34.19249865807491,3.7970540364583334
26.509700520833334,28.899686414930557,29.12422634548611,40.66346876933297,41.23462351666617,35.123886719679675,4.221223958333334
26.379327256944446,28.435550130208334,28.501602647569445,40.64746355096712,40.550132159631346,34.39357808630468,4.2798828125
26.452315538194444,28.52615668402778,28.499527994791666,40.778237203207794,40.66686917551309,34.387067291449206,4.35458984375
26.584097222222223,28.623342013888887,28.54357855902778,40.91260691043823,40.70586963523237,34.38056431917201,4.316959635416667
26.677274305555557,28.714052734375,28.5837890625,40.97541453049146,40.738237981901875,34.36020072533539,4.413802083333334
26.771379123263888,28.77081271701389,28.556405164930556,41.158001144734385,40.870161887161366,34.40106574709771,4.576220703125
26.86323459201389,28.837671440972223,28.613030598958332,41.220180308049976,40.85952661313663,34.3619547487538,4.398583984375
26.958328993055556,28.91884223090278,28.667652994791666,41.326049368389164,40.920401126014816,34.3868759803781,4.483251953125
27.137340494791665,28.877587890625,28.557415364583335,41.39428555392198,40.941505093020076,34.277894218148276,4.644287109375
27.344262152777777,28.905249565972223,28.596477864583335,41.40444025477406,40.79800297400189,34.1513133975961,4.356803385416667
27.582987196180557,28.89680881076389,28.547279730902776,41.55645540142424,40.75465000161314,34.01623983263533,4.409651692708334
27.721966145833335,28.885948350694445,28.47157660590278,41.60933743147191,40.68944562517501,33.85521404560637,4.640966796875
27.90693359375,28.85489040798611,28.418932291666668,41.560171766782226,40.44715571795281,33.622887997620616,4.515348307291666
28.07091796875,28.75378363715278,28.311080729166665,41.47440437755753,40.133558889730885,33.345659108462606,4.51728515625
28.291061197916665,28.61411566840278,28.122694227430557,41.66559992316871,40.044724028258145,33.19992854474056,4.738362630208333
28.51770724826389,28.555687934027777,28.085576171875,41.68517668316053,39.84514085235163,33.02877253834534,4.619384765625
28.770284288194443,28.601468098958332,28.1262109375,41.873871924725975,39.90751435585035,33.038718993637886,4.637923177083334
29.013785807291665,28.665610894097224,28.094113498263887,42.122053503110955,40.03189553144549,33.04257065926633,4.798958333333333
29.402713758680555,28.79290798611111,28.230077039930556,42.4254851697777,40.20297418487959,33.16478532685383,4.577604166666666
29.81593967013889,28.821484375,28.21434027777778,42.72936110705257,40.31960303768666,33.17528972250889,4.791764322916666
30.14239040798611,28.953524305555554,28.253259548611112,43.13679040128659,40.62400147495868,33.31576483978661,4.867578125
30.620645616319443,29.095698784722224,28.463999565972223,43.601602883927164,40.912320338368225,33.54212081704304,4.674169921875
33.20517686631945,31.603231336805557,30.230147569444444,46.591394533796596,43.960369482633304,36.78949698659686,7.284765625
36.474990234375,34.385380859375,32.31941297743055,50.412850552185965,47.538706433990555,39.995332017814896,7.975667317708333
38.274248046875,35.47853841145833,32.962470703125,52.241196922134215,49.00647182940579,40.90627476141325,7.923095703125
35.107791883680555,32.58197699652778,30.924100477430557,48.529333005380664,45.580028095712386,38.07149683730526,7.12041015625
31.696083984375,29.05735785590278,28.15865993923611,44.380188119264005,40.97584057255511,33.33441511237934,4.803938802083334
44.48024848090278,40.61284396701389,36.580105251736114,59.07841671263315,54.981010596768826,45.15665121686979,9.726302083333334
51.44068033854167,46.93108832465278,41.66412543402778,66.18342705528235,62.20558418046789,50.74240100217244,10.263916015625
45.02458767361111,40.07514865451389,35.98359375,58.96978404753938,54.77859053023434,44.521969963008736,9.248453776041666
33.06224934895833,29.57213650173611,28.567301432291668,45.19135251159105,41.20117115097088,33.75598830661207,5.506184895833333
50.26405490451389,44.87938693576389,39.71522677951389,64.79502324543085,60.34504215295774,48.839518205543264,9.695589192708333
43.98345052083334,39.33934895833333,35.377123480902775,58.038362978483825,53.88838283440062,44.11648523925201,9.444075520833334
32.27111762152778,28.925443793402778,27.949547526041666,44.87534881695711,40.483231591881406,33.06554397982155,5.111897786458333
36.68637152777778,32.63318359375,30.80361111111111,49.803639347081635,45.71234664531507,38.14751693312667,6.9361328125
42.8570703125,38.115870225694444,34.58981553819444,56.71080791413351,52.53370264804794,43.28002010897669,8.974251302083333
47.446031901041664,42.086268446180554,37.584270833333335,61.60991081706351,57.210056820114566,46.46612980151307,9.641357421875
48.7571484375,43.29494357638889,38.62200629340278,63.089213100092735,58.62270277683706,47.54992386818536,9.294661458333334
48.32106228298611,42.76257269965278,38.16924370659722,62.58670518383398,58.091597339306546,47.11992721091198,9.301302083333333
47.56656467013889,41.88702907986111,37.2856640625,61.70953630697725,57.1833697294324,46.36296875460796,9.502180989583334
44.86055989583333,39.1789453125,35.581471354166666,58.34145736631065,53.71269234797981,43.98607254243823,8.344222005208334
41.404796006944444,36.29542426215278,33.025432942708335,55.11611981267549,50.723238209273354,41.714146579289924,8.075830078125
38.115517578125,33.32294704861111,30.994578993055555,51.56071614006034,47.119571046602786,39.01096087326301,6.936686197916667
34.16276475694445,29.84774631076389,28.545966796875,47.15059503117308,42.4042058584604,34.65741191800608,5.969921875
32.31330729166667,27.926923828125,26.87905056423611,45.40695691803567,40.25418089290925,32.26765153927983,4.606380208333333
32.42478732638889,27.802548828125,26.91648980034722,45.442115010019926,40.157460809374406,32.174638709521496,4.28486328125
32.411983506944445,27.840694444444445,26.803479817708332,45.612402423227685,40.38895328038942,32.24673800933664,4.375618489583333
32.531222873263886,27.803731553819443,26.815113932291666,45.69327024036912,40.37405883071983,32.20621708489197,4.164225260416667
32.625285373263885,27.826011284722224,26.80856228298611,45.84342980864982,40.451617744069566,32.26335795165836,4.19521484375
32.71228081597222,27.88001193576389,26.784486762152778,46.03716851842677,40.661322285490044,32.39317513889928,4.304231770833334
32.88713650173611,27.933990885416666,26.846578776041667,46.1937862853259,40.723966398642055,32.41745303368435,4.174186197916667
33.02143337673611,27.971075303819443,26.873177083333335,46.40931819284613,40.903852796115665,32.56063852470554,4.216520182291666
33.120655381944445,28.03986111111111,26.868472222222223,46.60406608090742,41.10370815210469,32.63720096220213,4.326920572916666
33.37005750868055,28.09086697048611,27.003110894097222,46.70979404510773,41.116054143761474,32.636815590017235,4.209049479166667
33.360921223958336,28.11419704861111,26.86774197048611,46.842675331032325,41.255560960282935,32.66995815095929,4.345735677083334
33.56564453125,28.166731770833334,26.93992947048611,47.030394356285235,41.350641904907455,32.7534292931306,4.184700520833333
33.776923828125,28.26385525173611,27.006572265625,47.31295699907914,41.5773831639879,32.93433543451545,4.30478515625
33.86658962673611,28.301138237847223,26.96804904513889,47.42906387794243,41.67230144720602,32.92460233944393,4.413525390625
34.04584418402778,28.3714453125,27.043313802083333,47.622121808441804,41.81433454580056,33.019565350936254,4.308382161458334
34.228893229166665,28.459625651041666,27.114363064236112,47.83862434705217,42.044889047165036,33.1816960665881,4.336051432291667
34.356142578125,28.575192057291666,27.13566623263889,47.981695361637335,42.212748352925885,33.253921057319076,4.468310546875
34.63969618055555,28.707548828125,27.266869574652777,48.27529776054017,42.44079010572816,33.46346381683295,4.283756510416667
34.858296440972225,28.80226019965278,27.337395833333332,48.546986367604205,42.687595390551394,33.63691556206106,4.291780598958334
35.113887803819445,28.969698350694443,27.39955837673611,48.7336907307952,42.84498366955763,33.70080642581012,4.466373697916667
48.766788194444445,41.15586263020833,36.09473307291667,62.92395608507174,57.39002462698037,45.82468918518743,8.729378255208333
55.917476128472224,48.02712782118056,41.613260633680554,70.07948553055783,64.96320647320468,51.73564594523791,9.581591796875
48.69708984375,40.842564019097225,35.81616102430556,62.66610617113357,57.09036806682665,45.39794351846964,8.705859375
36.94163628472222,30.371869574652777,28.369710286458332,50.392028982459266,44.33989311724178,35.05001735895567,5.487923177083333
54.09603949652778,45.96787217881945,39.80697048611111,68.3316856346023,62.99097448427874,49.935120980145946,9.213313802083333
48.369525824652776,40.30966254340278,35.15113932291667,62.303575585693316,56.57857030745045,45.07539300423452,8.79716796875
37.15054253472222,30.03127712673611,27.948682725694443,50.567491982360735,44.17242866602268,34.75420608351141,5.156168619791667
51.26209852430556,42.95176432291667,37.17109375,65.35659705633647,59.89977050205373,47.33732095535424,9.257584635416666
58.836412760416664,50.42748263888889,43.508624131944444,72.79768388617273,67.6572664917422,54.29358611596153,10.125846354166667
56.95513454861111,48.37242730034722,41.73499891493056,71.00485110990616,65.72358764601528,52.25036718940991,9.82978515625
51.72662217881945,43.195629340277776,37.44930447048611,65.83259667011708,60.19487938659967,47.644804789799366,9.262565104166667
44.50924913194444,36.06303276909722,32.45263888888889,58.00908995433675,51.87558217316343,41.69503951670373,7.124007161458334
38.498514539930554,30.75090060763889,28.278304036458334,51.74140564056444,45.23410179411991,35.301179419818965,5.683268229166667
38.797520616319446,30.82009440104167,28.456149088541668,52.01735774788188,45.3770631809236,35.47754182897064,5.494287109375
38.769313151041665,30.855618489583332,28.314290364583332,52.08079290426511,45.50248622335289,35.4570237558582,5.612158203125
28.35687282986111,24.095740017361113,20.979498697916668,38.37987296969941,35.12893374688184,29.132964208512917,0.9994140625
28.438323567708334,24.19035373263889,21.12713650173611,38.74294643821785,35.455570272892444,29.457828196904572,1.026806640625
28.699678819444443,24.383001302083333,21.324573567708335,39.283754371682406,35.9235433721455,29.91944088735311,0.9850260416666666
28.928553602430554,24.548091362847224,21.461419270833332,39.77967951266807,36.35154041565131,30.348904260722954,0.94296875
29.032098524305557,24.667176649305556,21.54030924479167,40.257678842832235,36.81633559008336,30.790511236376588,0.9781087239583334
29.224951171875,24.824807942708333,21.72105034722222,40.76773284969504,37.25926401571241,31.265926941702876,0.9792154947916667
29.468447265625,24.975365668402777,21.910493706597222,41.41399514143516,37.82363604019059,31.87579631550152,0.91142578125
29.813799913194444,25.318254123263888,22.223143446180554,42.47681845425919,38.8863082554886,32.99575713480697,0.9266438802083333
30.427904730902778,25.766981336805557,22.467992621527777,43.51497078078329,39.77035010994803,33.74317729140482,0.8912272135416667
30.759578993055555,26.09707248263889,22.834134114583332,44.466238502648245,40.761006492207976,34.81556479328207,0.8995279947916667
31.03978081597222,26.36720160590278,23.13206814236111,45.246934000054985,41.586391827662005,35.714917795549326,0.895654296875
31.158538411458334,26.545838758680556,23.297374131944444,45.926650872126814,42.39821680897799,36.58405875045739,0.9177897135416667
31.171009114583335,26.610995008680554,23.450628255208333,46.318623505987404,42.95619624671665,37.23143855483162,0.903125
31.26537326388889,26.693672960069446,23.594296875,46.90977513527919,43.60812473942648,37.97068841103018,0.8984212239583333
31.24006618923611,26.749697265625,23.652543402777777,47.39212082023393,44.17576519654091,38.56969435342691,0.889013671875
31.329602864583332,26.784848090277777,23.820111762152777,47.73214959092507,44.57853983689437,39.0714740001252,0.80517578125
31.233798828125,26.67337131076389,23.675713975694446,47.70731879611983,44.560253626255765,39.06924618460909,0.8455729166666667
31.028095703125,26.499046223958334,23.474065755208333,47.43430848490846,44.29456970482953,38.85077392673421,0.8154134114583333
30.9091015625,26.286984592013887,23.43931206597222,47.137995500894654,43.932060744338806,38.61462486104247,0.7930013020833333
30.399127604166665,25.919870876736113,22.95912109375,46.375362950013304,43.2205896071112,38.044983225258754,0.7376627604166667
29.510392795138888,25.047495659722223,22.2162890625,44.39923839758269,41.07214975460989,36.08471578053592,0.742919921875
28.533346354166667,24.08165256076389,21.368939887152777,42.155238374482224,38.65205001898767,33.8235985697897,0.806005859375
27.451373697916665,23.056867404513888,20.468057725694443,39.67474528267439,36.015624723223105,31.385363385051836,0.7990885416666667
26.493650173611112,22.043542751736112,19.790338541666667,37.04051567228863,33.20356987730217,28.873009648551932,0.7891276041666667
25.485536024305556,21.143312717013888,18.839768880208332,34.156239726181674,30.22073263278388,26.07315687372158,0.7418131510416667
24.69048285590278,20.254039713541665,18.276044921875,31.261831595649095,26.977103654744425,23.176618402203122,0.7160807291666667
23.773129340277777,19.426553819444443,17.37070746527778,28.38951849152152,23.725671946306996,20.182445349383183,0.6662760416666667
22.95806206597222,18.50954752604167,16.74015407986111,24.716169470841983,19.251415892853522,16.069175130826235,0.49832356770833336
22.271578776041668,17.91833550347222,16.054276258680556,22.116040204726755,16.09283242284481,12.828951584146706,0.344482421875
22.66114040798611,17.940812717013888,16.30400390625,22.24039473339528,15.890460077525352,12.771051232953393,0.35859375
23.080478515625,18.077188585069443,16.33907009548611,22.387997175366706,15.952488187756604,12.706862790772238,0.3583170572916667
23.411357421875,18.223809678819446,16.447186414930556,22.61841036731633,15.991771068602807,12.773584677008419,0.37547200520833335
23.671600477430555,18.41075412326389,16.30730685763889,22.77405421667055,16.11133914820397,12.693908240524676,0.40646158854166664
24.203440755208334,18.59746527777778,16.50600802951389,23.209522936883804,16.240578174019696,12.838147633148767,0.427490234375
24.505224609375,18.8061328125,16.424095052083334,23.802175529712734,16.611979946758233,12.910970776441696,0.431640625
25.062422960069444,19.0987890625,16.82148003472222,25.09592356599038,17.607467634506534,13.707235549316353,0.5035807291666666
25.226387803819446,19.387945963541668,16.90622829861111,26.567029631555048,19.259836735486022,15.007815319770959,0.606787109375
25.916932508680556,19.859903428819443,17.49396484375,28.431339300820724,21.253501261626436,17.074868915261877,0.5713704427083334
26.222776692708333,20.24669704861111,17.661292317708334,29.909042024224714,23.000742410193006,18.696610399590043,0.5733072916666667
26.802907986111112,20.569334852430554,18.114240451388888,31.072558457815738,23.866537994014223,19.568614157873533,0.5398274739583333
26.937990451388888,20.750409071180556,18.065938585069443,31.53970557325886,24.10150152145434,19.55448717617207,0.556982421875
27.37670138888889,20.897912326388887,18.349283854166668,31.915312323938974,24.002454057033603,19.547970274321035,0.5127115885416667
27.502794053819443,21.020638020833335,18.264788411458333,32.39420810515343,24.265848233168967,19.583977298575878,0.5268229166666667
28.07701171875,21.306055772569444,18.652626953125,33.348690996177936,24.800862190888843,19.953650485187627,0.5417643229166667
28.380826822916667,21.533827039930557,18.577041015625,33.9807935246566,25.10858859397203,19.92212540715087,0.590185546875
28.641650390625,21.609823133680557,18.69139105902778,34.489476276036584,25.212292140655524,19.912104529454272,0.464013671875
29.192631293402776,21.831263020833333,18.903583984375,34.987649410608846,25.467535248054087,20.09322251133332,0.47259114583333334
28.897842881944445,21.68500434027778,18.772585720486113,34.931491298429016,25.417791658044923,20.05750090181008,0.44796549479166664
28.861611328125,21.629412977430555,18.951732855902776,35.21622802041386,25.575873201989477,20.24995541661874,0.42389322916666666
28.770200737847222,21.65994574652778,18.803430989583333,35.49058483317757,25.792642916999824,20.251201844936602,0.4579264322916667
28.972891710069444,21.731937934027776,19.05159396701389,35.932711935977466,26.022116043182297,20.507820846821186,0.5080078125
28.96829644097222,21.796331380208333,18.915354817708334,36.450613880619464,26.41315890473553,20.576459344569614,0.62587890625
29.176293402777777,21.877159288194445,19.157588975694445,37.108976142261106,26.80463784944416,20.960177776713145,0.708056640625
28.911979166666665,21.79403537326389,18.976389973958334,37.23033168499057,27.026099208449494,20.980602174564645,0.7409830729166667
29.10509548611111,21.89507269965278,19.192442491319444,37.69255866640207,27.348761930114208,21.31079432637426,0.82509765625
28.945845269097223,21.86890407986111,19.054019097222223,37.81593361617619,27.57967426102366,21.35156454442129,0.9224934895833333
29.08085177951389,21.906302083333333,19.204058159722223,38.12552997259211,27.840697881793577,21.598787220512047,0.9443522135416667
28.905555555555555,21.856409505208333,19.037176649305554,38.045397737714744,27.963517147875304,21.607964153533935,0.9858561197916667
28.946610243055556,21.848743489583335,19.156673177083334,38.063900993109435,28.00998704175567,21.76913375457421,1.1369303385416667
28.588827039930557,21.69953125,18.854076605902776,37.72902083240545,27.922498391895715,21.59023384461668,1.166259765625
28.67112847222222,21.749955512152777,19.016271701388888,38.08282319520252,28.240266892350796,21.702276475975083,1.1219889322916667
28.36399956597222,21.610838758680554,18.758665364583333,37.81699023473701,28.01828771615336,21.342934286700363,1.3095865885416667
28.290659722222223,21.486439887152777,18.730319010416668,37.53343524498858,27.501885007586175,20.840575825240848,1.2916015625
28.245832248263888,21.450135633680556,18.686281467013888,37.482217101636515,27.234400807202423,20.49553108463771,1.3217610677083333
28.211539713541665,21.39279296875,18.545733506944444,37.49533903739632,26.93348392132777,19.974097876161814,1.31484375
27.998411458333333,21.227496744791665,18.342174479166665,37.29881183969299,26.51232327387452,19.324046574117222,1.3527506510416667
27.87291775173611,21.06121853298611,18.291758897569444,37.176090821871554,26.094263948626722,18.896628101651963,1.3367024739583333
27.517900390625,20.81327907986111,17.946276041666668,36.69548806135077,25.461671960667143,18.045751198087316,1.4263509114583333
27.306184895833333,20.661344401041667,17.90627604166667,36.338463429353325,25.152126881222788,17.742767639066322,1.34306640625
27.340895182291668,20.63624457465278,17.930655381944444,36.33869713725721,25.173120997496806,17.727007626692597,1.393701171875
27.43205295138889,20.635284288194445,17.93990668402778,36.27695213232483,24.99419822047492,17.52788886098805,1.3809733072916666
27.45625,20.654252387152777,17.92816080729167,36.229865187615644,24.93161605679066,17.47706100567886,1.268359375
27.453129340277776,20.685592447916665,17.92865451388889,36.275880030522245,25.02829240871232,17.573170409497056,1.2752766927083334
27.458179253472224,20.683610026041666,17.86879448784722,36.25494084720824,25.0074711151459,17.497889870296625,1.3416829427083334
27.577600911458333,20.742794053819445,17.951604817708333,36.33054572590681,25.069217863482383,17.603893135401556,1.267529296875
27.65810763888889,20.802438151041667,17.959545355902776,36.50072000079759,25.189331731419532,17.673078838573247,1.34638671875
27.80439453125,20.86422634548611,17.951234809027778,36.62618308748693,25.241536281247217,17.654003617996526,1.3369791666666666
28.146944444444443,21.009404296875,18.17458984375,36.895259121154375,25.359328628544247,17.868361849623007,1.377099609375
28.121871744791665,21.046256510416665,18.041676432291666,36.7846452567034,25.419162874549688,17.75702167731344,1.3757161458333333
28.13335720486111,21.097303602430557,18.112679036458335,36.640785138465255,25.429776274621563,17.82787262586855,1.4822428385416666
28.128961588541667,21.105979817708334,18.127571614583335,36.59550578428778,25.471141244437657,17.879953282632215,1.4244140625
27.947371961805555,20.984547526041666,18.01888671875,36.40146701188218,25.31400139033992,17.78960490281182,1.7298828125
27.766470269097223,20.913353949652777,18.051434461805556,36.06679134672761,25.113117743247997,17.7758586920452,1.6391276041666667
27.521180555555556,20.761385633680554,17.963918185763887,35.64779875635508,24.85524083562592,17.648605805028858,1.7428873697916667
27.244790581597222,20.598721788194446,17.847073567708332,35.27683487289754,24.554845695983833,17.453665657579947,1.7420572916666666
27.225877821180557,20.540407986111113,18.009862196180556,35.07405227573597,24.3345811432983,17.555431720780327,1.733203125
26.818478732638887,20.392568359375,17.770584852430556,34.66859656507528,24.183856433647872,17.390760861799823,1.7744303385416667
26.632585720486112,20.289634331597224,17.769278428819444,34.29127985589084,23.926188076887282,17.365535053805154,1.7428873697916667
26.439952256944444,20.180394965277777,17.690656467013888,33.87600937915018,23.680234130492256,17.28363662510099,1.7359700520833334
26.106774088541666,19.99135308159722,17.542392578125,33.37009902945777,23.306751090000645,17.056856380022744,1.6690104166666666
26.10208224826389,19.968736979166668,17.710240885416667,33.18581081579114,23.25070095015162,17.27777529829393,1.7146647135416666
25.89474934895833,19.937280815972223,17.554194878472224,33.11707573251642,23.489544038907177,17.43475726331721,1.768896484375
25.828790147569446,19.971473524305555,17.665308159722223,33.051563026330776,23.787818209765415,17.9169542622407,1.755615234375
25.672568359375,19.908898654513887,17.651647135416667,32.97169949461423,23.93446882610731,18.159239632998837,1.7343098958333334
25.50750759548611,19.806168619791666,17.589334852430557,32.83572465215439,23.85386439793237,18.184761241747374,1.6795247395833333
25.458247612847224,19.770857204861112,17.68393337673611,32.623279764808075,23.81199096511673,18.31001076003541,1.6554524739583334
25.346028645833332,19.636125217013888,17.666616753472223,32.54941754868514,23.796171920201864,18.42855536715838,1.6878255208333333
25.06814995659722,19.454404296875,17.572552083333335,32.29890827257514,23.678340358017174,18.415399562759802,1.700830078125
24.934434678819443,19.373682725694444,17.608321397569444,32.135248365457784,23.650546999483332,18.52883563471249,1.664306640625
24.88397135416667,19.323524305555555,17.607404513888888,32.166232470122985,23.695351463495097,18.66491652275186,1.7625325520833333
24.872811414930556,19.316705729166667,17.575899522569443,32.2794672241543,23.790946500994117,18.745771598023058,1.8355794270833334
24.87000217013889,19.346921657986112,17.639210069444445,32.47865260238383,23.994481972094515,18.973235154824355,1.7630859375
24.886567925347222,19.357610677083333,17.69539279513889,32.61440801812609,24.229873897433848,19.25173515462371,1.7392903645833333
24.770003255208334,19.30234375,17.63832465277778,32.714754540512146,24.398449478555285,19.43628290824108,1.763916015625
24.77776584201389,19.429055989583333,17.67852864583333,32.710161987740335,24.675825464410583,19.903540727998774,1.564697265625
24.88753146701389,19.469547526041666,17.889886067708332,32.96572342481693,24.93595249271925,20.2743505676849,1.560546875
24.669268663194444,19.40642795138889,17.734620225694446,33.133558387758924,25.22166173816047,20.473181374949267,1.6117350260416667
24.69957248263889,19.357819010416666,17.916595052083334,33.34595664996516,25.384888421466748,20.757367045714194,1.547265625
24.42798611111111,19.285672743055557,17.7287109375,33.41375124603521,25.596824432423766,20.92274076354301,1.5807454427083334
24.437768012152777,19.306376953125,17.84956814236111,33.54215777994191,25.762467007042844,21.108482314766754,1.5558430989583334
24.36375542534722,19.302874348958333,17.921878255208334,33.71704549030818,26.0264515966249,21.380407161830348,1.5970703125
24.10820095486111,19.18218207465278,17.84531467013889,33.841182965549734,26.180822057424557,21.525897737548405,1.64853515625
24.091005859375,19.181292317708333,17.905224609375,34.07866423686805,26.349871950367287,21.67136594778495,1.6283365885416667
24.039377170138888,19.185719401041666,17.934327256944446,34.38473010970509,26.615233754597448,21.88062762989244,1.6026041666666666
23.926458333333333,19.124365234375,17.882611762152777,34.47515179351427,26.699623126338132,21.945657051980213,1.6358072916666666
23.890154079861112,19.106692708333334,17.89301215277778,34.52898653758062,26.711886283817684,21.94363797570922,1.579638671875
23.82100368923611,19.06857421875,17.88865993923611,34.5135063014642,26.723644983795023,21.97756467026658,1.5292805989583333
23.64499240451389,18.939369574652776,17.80030056423611,34.41640182541153,26.585442525826704,21.860920859108546,1.5433919270833334
23.50747829861111,18.84469509548611,17.76260525173611,34.275061739823904,26.41205644471822,21.710125062448412,1.51240234375
23.359307725694446,18.744546440972222,17.70911349826389,34.15278385312598,26.24847923826248,21.570708880542014,1.5417317708333333
23.190866970486113,18.64131618923611,17.628427734375,34.071390833329126,26.200542185430947,21.53033983061948,1.5525227864583333
22.998636067708333,18.551223958333335,17.591134982638888,33.89212454252739,26.07381049162572,21.452712137291996,1.475048828125
20.876953125,17.195208333333333,15.717872178819444,24.244453217391865,16.510310305892848,12.93408331948679,2.0422688802083333
20.849813368055557,17.211884765625,15.716755642361111,24.44491989099266,16.790171163011774,13.07958970036269,2.04697265625
21.109791666666666,17.379377170138888,15.957298177083333,24.64714363322335,17.0512416065845,13.29380409566401,1.976416015625
20.987674696180555,17.400515407986113,15.814014756944445,24.767107649166206,17.362299975905746,13.410652418592749,2.04365234375
21.16071072048611,17.574154730902777,15.952473958333334,24.868174445133796,17.687848206160055,13.675798935316328,1.9567708333333333
21.256297743055555,17.685239800347222,16.030576171875,24.97983890730412,17.991448176446887,13.949398080520275,2.069108072916667
21.249432508680556,17.71185763888889,16.040547960069443,25.119373726638152,18.227232671826137,14.106758738483745,2.183935546875
21.57125542534722,17.887700737847222,16.349572482638887,25.291792385720576,18.434849402921518,14.46338609597514,2.12666015625
21.486439887152777,17.920944010416665,16.215224609375,25.303476712553426,18.55085236349654,14.495268661475993,2.255875651041667
21.56377387152778,17.999385850694445,16.290020616319445,25.192255068791077,18.49636646868279,14.523024532108275,2.225439453125
21.610294053819445,18.04770724826389,16.330234375,25.074323654998178,18.463229618250985,14.573282218913992,2.308447265625
21.56680447048611,18.033368055555556,16.309243706597222,24.98465868360649,18.41037240037556,14.514555779814353,2.2937825520833335
21.675538194444446,18.10590277777778,16.374417317708332,24.98828050247622,18.40550819954853,14.602296429696631,2.280501302083333
21.73917751736111,18.15856987847222,16.408270399305554,24.93701730102741,18.38707177739804,14.585562603482941,2.2663899739583333
21.70283962673611,18.150766059027777,16.380613064236112,24.938580493990294,18.35588869553617,14.534820432477312,2.2478515625
21.841183810763887,18.250394965277778,16.47129123263889,24.93114924251894,18.363095038533004,14.563993516335303,2.16318359375
21.89006076388889,18.28810546875,16.506818576388888,24.882538922330745,18.354240884080465,14.564727310645061,2.2201822916666667
21.833193359375,18.252592230902778,16.471440972222222,24.817702233797664,18.307395190207192,14.514986729744301,2.2550455729166665
21.91320855034722,18.332300347222223,16.548538411458335,24.734008205451502,18.264424346491566,14.499789372721208,2.223502604166667
21.964291449652777,18.36187065972222,16.5720703125,24.73947841796589,18.230569414371438,14.476255368612678,2.2531087239583334
21.893463541666666,18.32457790798611,16.526475694444443,24.673223672413638,18.166636554143327,14.406880484309793,2.3444173177083334
22.020498046875,18.44417209201389,16.610819227430557,24.711029569615047,18.17212622224792,14.413722074043587,2.181168619791667
22.16384548611111,18.537534722222222,16.674007161458334,24.841548280621137,18.26104794258067,14.464186995735032,2.35244140625
22.13677951388889,18.52320855034722,16.659150390625,24.88072406134746,18.219877382967866,14.42552040778567,2.449560546875
22.33835286458333,18.735460069444443,16.819817708333332,24.882121720441113,18.220328487483513,14.439369679955607,2.29931640625
22.506692708333333,18.902528211805556,16.929153645833335,24.928480309921497,18.20026584326838,14.440834537859846,2.343033854166667
22.51901150173611,18.926153428819443,16.959720052083334,24.805925147473545,17.958475178912007,14.267646341502964,2.409163411458333
22.748328993055555,19.179761284722222,17.176381293402777,24.70012448452075,17.83334925361237,14.184619204387737,2.35576171875
22.957708333333333,19.392872178819445,17.33978298611111,24.66376570164174,17.733345307168005,14.134107383687773,2.417740885416667
22.96023111979167,19.42947699652778,17.364076605902778,24.6255960303437,17.605481288064006,14.021172733180418,2.450944010416667
23.35509765625,19.873123914930556,17.786446397569446,24.689505840060338,17.70858307139932,14.148822988241216,2.375960286458333
23.72810546875,20.271703559027777,18.149206814236113,24.78430285452009,17.807030863748313,14.296723918478675,2.35078125
23.784060329861113,20.37357638888889,18.238282335069446,24.722230577669347,17.75078594376684,14.268494408406054,2.335009765625
24.45159939236111,20.960886501736113,18.962021484375,24.93860071029912,18.004691562669137,14.61286094455179,2.2232259114583335
24.541429036458332,21.201776258680557,19.02662651909722,25.00714676921557,18.183605960020664,14.668978999654543,2.2854817708333335
24.88987847222222,21.610028211805556,19.39119357638889,25.034418451170797,18.356608950043814,14.8548785523429,2.226546223958333
25.32712673611111,22.09677951388889,19.84934353298611,25.13737757912631,18.572895986510822,15.088281485134752,2.189469401041667
25.52640842013889,22.34507269965278,20.036137152777776,25.15661005759026,18.67215621369904,15.160948530325085,2.1983235677083335
26.21759548611111,22.977340494791665,20.795386284722223,25.40597419106249,18.945803431488045,15.5486926137181,2.140771484375
26.429769965277778,23.325667317708334,20.963708767361112,25.452515029065164,19.13290569511195,15.65941453812119,2.1692708333333335
27.233971354166666,24.094296875,21.738701171875,25.965658895378308,19.754971443325818,16.30180014545928,2.1039713541666667
27.56732855902778,24.607090928819446,21.957393663194445,26.643107355588153,20.566385056609818,16.858739047398593,2.2044108072916666
28.47528754340278,25.641276041666668,22.829072265625,27.65316067134331,21.712348923294385,17.821325337654173,2.172314453125
29.523400607638887,26.709715711805554,23.672590060763888,29.082217201448703,23.2554601145581,19.096476494265236,2.1994303385416667
30.524286024305557,27.708360460069443,24.434010416666666,30.556511399778696,24.796509978248988,20.361680067352573,2.32421875
32.07825954861111,29.081830512152777,25.744089626736113,32.4787309479455,26.71022772119755,21.956638862332852,2.314811197916667
32.72943359375,29.897943793402778,26.19268120659722,33.606730069715816,27.898663156753898,22.88993354644645,2.321728515625
34.292621527777776,31.32269314236111,27.56833984375,35.041544103829544,29.304404698949455,24.14986259838709,2.362679036458333
34.89234592013889,32.08579861111111,27.97783745659722,36.010591119218134,30.315052042823595,24.913694828950753,2.4492838541666666
36.37172092013889,33.441494140625,29.37550021701389,37.33879980251111,31.542441601695554,26.099212107439723,2.431298828125
36.85176649305556,34.103841145833336,29.773291015625,37.980413125222384,32.159746267003996,26.587895204348555,2.51181640625
38.494501953125,36.017483723958335,31.50225911458333,39.384601840530465,33.56568619920372,28.010347583019694,2.5112630208333333
39.12633355034722,37.44200086805556,32.211259765625,39.98330641372554,34.4137713457772,28.509504981627195,2.59482421875
39.81803168402778,38.78105685763889,33.047437065972225,40.356694975872806,35.0755645114157,28.8826877719417,2.522330729166667
40.459086371527775,40.169942491319446,33.83934895833333,40.813122805948744,35.88503275640656,29.299838880655507,2.5303548177083335
40.88234700520833,41.15084201388889,34.41878580729167,41.253357239426144,36.621137283161644,29.796685754322382,2.575179036458333
41.320971137152775,42.254462890625,35.33415256076389,41.31952946350105,37.241860596642546,30.243283105771155,2.433235677083333
42.337399088541666,44.04155598958334,36.524692925347225,42.63219569752396,40.39439861867346,32.731677677714345,2.6009114583333335
44.116573350694445,46.39685329861111,38.392162543402776,44.78294072049563,44.24284027805422,36.00885348162677,2.628857421875
45.575412326388886,48.22076497395833,39.89367838541666,46.38874532882574,47.102455059005216,38.49035007096143,2.7315104166666666
47.19391059027778,50.05204535590278,41.471884765625,48.252371831818735,49.783194893126876,40.85605128440516,2.7851888020833333
48.49538519965278,51.48149956597222,42.87884548611111,49.310373563160326,51.65424641297925,42.391429137295944,2.6922200520833335
49.193263888888886,52.657954644097224,43.606639539930555,50.03861093139743,53.23656415095928,43.48943594747213,2.773291015625
50.53400173611111,54.374256727430556,45.18270073784722,51.27083731744172,55.22061276787024,45.110462637847284,2.720166015625
51.58132703993056,56.05284939236111,46.29549370659722,52.44500509621735,57.36600837619272,46.62864085148667,2.71435546875
52.65043836805555,57.54276909722222,47.68350368923611,53.29562614184435,58.93446010883429,47.81073842080655,2.6609537760416666
53.25150390625,58.834033203125,48.39840928819444,53.94471863010634,60.395827759711395,48.69879228785722,2.733447265625
53.790615234375,59.77616861979167,49.08531684027778,54.07905507040845,61.00855917779158,49.01136072982536,2.584033203125
53.92674587673611,60.35092339409722,49.54241102430556,53.873839205086995,61.3541707918176,49.16733582604244,2.5594075520833335
54.739246961805556,61.57263346354166,50.41654405381944,54.29847916743312,62.02285513804654,49.589650192229826,2.5195638020833333
54.561240234375,61.80016493055555,50.431240234375,53.721097927097475,61.46029559708436,48.96270661715301,2.4490071614583333
53.852788628472226,61.70846788194444,50.13793294270833,52.98680030714917,60.602180577357196,48.23093572507149,2.3920084635416665
53.75152886284722,61.8453125,50.108143446180556,52.484141261435866,59.990145093974,47.68115918768996,2.491341145833333
53.30713107638889,61.058795572916665,49.31857855902778,51.72606191964913,58.88032180746142,46.627190132891954,2.36240234375
52.99962348090278,60.67376193576389,49.04097873263889,50.85318365498817,57.79517484342475,45.769880158077896,2.1814453125
52.49631401909722,59.896945529513886,48.56426866319445,49.98109657294264,56.53453885526115,44.964396691273734,2.1421549479166666
52.11277777777778,59.52641493055555,48.152683376736114,49.20382298254332,55.5905865081829,44.10392362426769,2.1297037760416666
51.55625868055556,58.714823133680554,47.66461697048611,48.25556050986506,54.424919445702386,43.23364090544217,2.0021484375
50.60589084201389,58.01078233506944,46.691480034722225,47.18897873216556,53.40253040559114,42.15478834553825,1.875146484375
50.15493706597222,57.18074761284722,46.34490017361111,46.2489444387166,52.09111386254697,41.332712476997415,1.8646321614583334
48.85486762152778,56.147174479166665,45.112918836805555,44.833192136361234,50.7658798087711,40.01106977081091,1.9437662760416667
47.840421006944446,55.13631401909722,44.30772352430556,43.37787593321346,49.26997037507406,38.70846738487542,1.6861653645833334
46.636201171875,53.73381727430556,43.32516710069444,41.918593804414705,47.60165114223316,37.46486953830569,1.5029947916666666
45.896915147569445,52.97996636284722,42.723118489583335,40.43748681992853,45.95117754039787,36.04978044255206,1.4014485677083333
43.516024305555554,51.65810221354167,41.14667534722222,38.86702916764336,44.6039241951176,34.8008747951839,1.2586751302083334
42.149899088541666,50.25218207465278,39.981563585069445,37.47288149785571,42.84428897770425,33.524992325224254,1.2802571614583333
40.791828342013886,48.687679036458334,38.625013020833336,36.02386631507616,41.220308286094365,32.15023981130708,1.206103515625
39.44778211805556,46.80970486111111,37.13935872395833,34.57068404253414,39.31351533315069,30.699670355156066,1.002734375
38.380672743055555,45.43063910590278,36.39956597222222,33.17250526613995,37.579687442121624,29.76956329356378,0.9858561197916667
36.76312391493055,43.584057074652776,34.837970920138886,31.637379853522823,35.8987381894614,28.351114649498417,0.8201171875
35.50297743055555,41.463610026041664,33.68313368055556,30.342700695593436,34.08049049618282,27.388438035287646,0.6895182291666667
33.970068359375,39.72884440104167,32.18230360243056,29.045794394809338,32.55684658526085,26.09984351642439,0.701416015625
32.461407335069445,38.080947265625,30.717641059027777,27.57805524806637,30.993732779855687,24.708014726853957,0.6153645833333333
31.116497395833335,36.61192599826389,29.542811414930554,26.162328635629095,29.477263791573645,23.5125115112505,0.542041015625
29.63340060763889,34.801328125,28.67411349826389,24.675002934413428,27.89992913929305,22.669435129541135,0.49860026041666666
28.128658854166666,33.24792317708334,27.354115668402777,23.4586315076981,26.581264471442076,21.595864441884437,0.46927083333333336
26.164417317708335,31.90896484375,25.90160373263889,21.934280572039896,25.14964717374164,20.290796718176228,0.39871419270833336
25.694624565972223,30.36646701388889,25.074644097222222,21.094496256616026,23.73024838631108,19.413054113371206,0.3516764322916667
24.122721354166668,28.722203776041667,23.390830078125,19.890543696256408,22.468122249348877,18.16996847098189,0.33009440104166665
23.28001519097222,27.490929904513887,22.868631727430557,18.969105247862604,21.304139320706362,17.692569526905164,0.27613932291666665
21.78438259548611,26.055022786458334,21.352909071180555,17.82957968361731,20.156187307397765,16.56559956918815,0.296337890625
20.98956380208333,24.69303927951389,20.61757269965278,16.958194346496644,18.939456930096846,15.63750015304096,0.1494140625
19.228995225694444,23.440027126736112,19.13593207465278,15.802668990074096,17.85772363556178,14.519125396819645,0.14554036458333333
18.708065321180555,22.056014539930555,18.390569661458333,15.097679456437094,16.71589965838714,13.710951649710056,0.024072265625
17.1767578125,20.790817057291665,16.97546332465278,13.986190879633867,15.64632621294593,12.63079196040361,0.02158203125
16.620743272569445,19.268299696180556,16.35982964409722,13.267975884980205,14.380354372481289,12.213438328149511,0.009130859375
15.308748914930556,17.867112630208332,15.018519965277777,12.250766197077866,13.269749122431104,11.241949854272082,0.0
14.321103515625,16.574443359375,13.911176215277777,11.467881304084191,12.27007684888714,10.363560297311567,0.0
13.56927517361111,15.535955946180556,13.186825086805555,10.76731200473695,11.42050709658676,9.717964912842309,0.0
12.246296657986111,14.276431206597222,11.859496527777777,9.838749879803695,10.493578851645195,8.795248115683444,0.0
11.34410915798611,13.186495225694445,10.997545572916666,9.12622752150362,9.628743427869258,8.193939529797332,0.0
10.940972222222221,12.350686848958333,10.698089192708334,8.6411731221186,8.868823130798916,7.766174111161032,0.0
9.935061848958334,11.371346571180556,9.653334418402778,7.919707245464903,8.128253084657254,7.027277724675235,0.0
9.11432834201389,10.348075086805556,8.796290147569444,7.368719724296106,7.4345105442481785,6.378856805486687,0.0
7.8929611545138885,9.193836805555556,7.5730620659722225,6.605313216941363,6.672196843091694,5.623803927495704,0.0
6.864787326388889,7.978284505208333,6.510769314236111,6.045602424818251,6.036034408451869,4.999185167405016,0.0
5.404606119791667,6.544428168402778,4.98984375,5.234595605548061,5.209869449364797,4.167789554109544,0.0
4.308739149305556,4.839670138888889,3.5472960069444444,4.434659352774115,4.413201724053324,3.3283655138849304,0.0
2.6792708333333333,3.0537293836805555,1.78537109375,3.489428415388081,3.553364639699629,2.404226235234286,0.0
1.0107237413194445,1.0799934895833334,0.7254144965277778,1.6802580643596434,1.7117885281810534,1.4514741749186855,0.0
0.0,0.0,0.0,0.0,0.0,0.0,0.0
12.951644965277778,16.886049262152778,21.56454318576389,10.952393783378117,13.435856094352529,15.907829911500013,0.37132161458333335
73.93139105902777,59.51609592013889,46.419244791666664,66.10488335332283,55.94245069698794,43.78294248209025,0.75869140625
38.74257161458333,31.465143229166667,26.859962022569444,46.894142389314666,33.46864146071679,23.93364760490785,0.945458984375
22.022108289930557,22.465327690972224,23.746971571180556,32.89660854676815,25.267813609431624,20.657913107721146,1.7766438802083333
18.680862630208335,20.84377604166667,23.251689453125,28.548509848558368,24.03870453801444,20.87338077635577,1.9769694010416667
16.849409722222223,19.79186306423611,22.79353732638889,25.412438823626918,22.79058927742977,20.671303010044184,2.040055338541667
16.022764756944444,19.356494140625,22.65630642361111,23.918612281007896,22.499968717052695,20.919100791753763,2.168994140625
15.535401475694444,19.03664822048611,22.451376953125,23.159204644345845,22.309995706653122,20.951357332762043,2.168994140625
15.306265190972223,18.863432074652778,22.424947916666667,22.510862574254457,22.0331505391016,21.0747711635228,1.9957845052083334
15.015669487847223,18.697928602430554,22.234623480902776,22.18533133762526,22.03392619798015,21.07638247463685,2.026497395833333
24.719282769097223,27.78982855902778,30.213817274305555,33.68482401060645,35.18916152485841,32.29419248277538,3.1556803385416665
39.63861219618055,41.156047092013885,41.38314995659722,52.34287336518748,51.33969640003526,47.12807699012132,8.53818359375
45.68673177083333,47.36712348090278,46.41241644965278,58.62316753181966,57.49461289743037,51.750242557006395,10.295735677083334
33.62560546875,35.62611653645833,36.95380642361111,46.70893721449215,46.72549358626413,43.52658529986491,5.957747395833334
15.023950737847223,18.926630859375,22.580142144097223,22.154472002340896,23.09023104100038,22.496711873561196,1.9362955729166667
40.39263997395833,42.09274305555556,42.31766384548611,53.86101694681858,53.188392009466874,48.95041722409438,10.1966796875
56.951023220486114,59.063570963541665,55.722613932291665,70.12435963442624,69.04236616219323,60.60983281715268,15.550406901041667
